{
  "data": {
    "progress": [
      {
        "match_id": 22,
        "user": {
          "name": "harada"
        },
        "budget": 100,
        "submitted": 101,
        "evaluated": 101,
        "scored": 100,
        "scores": [
          0,
          0,
          0,
          7684.849999999999,
          7684.849999999999,
          7684.849999999999,
          7684.849999999999,
          7684.849999999999,
          8606.369,
          8606.369,
          8606.369,
          8606.369,
          8606.369,
          8606.369,
          8606.369,
          8606.369,
          8606.369,
          8941.0115,
          8941.0115,
          8941.0115,
          8941.0115,
          8941.0115,
          8941.0115,
          8941.0115,
          8941.0115,
          8941.0115,
          8941.0115,
          8941.0115,
          8941.0115,
          8941.0115,
          8955.3115,
          8955.3115,
          8955.3115,
          8955.3115,
          8955.3115,
          8955.3115,
          8955.3115,
          8956.693,
          8956.693,
          8956.693,
          8956.693,
          8956.693,
          8956.693,
          8956.693,
          8956.693,
          8956.693,
          8956.693,
          8956.693,
          9112.9995,
          9449.214366666667,
          9449.214366666667,
          9449.214366666667,
          9449.214366666667,
          9449.214366666667,
          9449.214366666667,
          9449.214366666667,
          9449.214366666667,
          9449.214366666667,
          9449.214366666667,
          9449.214366666667,
          9449.214366666667,
          9449.214366666667,
          9449.214366666667,
          9449.214366666667,
          9449.214366666667,
          9449.214366666667,
          9449.214366666667,
          9449.214366666667,
          9449.214366666667,
          9449.214366666667,
          9449.214366666667,
          9449.214366666667,
          9449.214366666667,
          9449.214366666667,
          9449.214366666667,
          9449.214366666667,
          9449.214366666667,
          9449.214366666667,
          9449.214366666667,
          9449.214366666667,
          9449.214366666667,
          9449.214366666667,
          9449.214366666667,
          9449.214366666667,
          9449.214366666667,
          9542.68,
          9542.68,
          9542.68,
          9542.68,
          9542.68,
          9542.68,
          9542.68,
          9542.68,
          9542.68,
          9542.68,
          9542.68,
          9542.68,
          9542.68,
          9542.68,
          9542.68,
          null
        ]
      },
      {
        "match_id": 22,
        "user": {
          "name": "lordefelipe"
        },
        "budget": 100,
        "submitted": 117,
        "evaluated": 117,
        "scored": 101,
        "scores": [
          0,
          0,
          0,
          4404.669,
          4404.669,
          4404.669,
          4404.669,
          4404.669,
          4404.669,
          7218.171266666667,
          7218.171266666667,
          7218.171266666667,
          7218.171266666667,
          7257.881266666667,
          7257.881266666667,
          7309.181433333334,
          7309.181433333334,
          7309.181433333334,
          7309.181433333334,
          7309.181433333334,
          7309.181433333334,
          7309.181433333334,
          7309.181433333334,
          7309.181433333334,
          7309.181433333334,
          7309.181433333334,
          7309.181433333334,
          7309.181433333334,
          7309.181433333334,
          7309.181433333334,
          7353.081433333334,
          7603.404533333334,
          7603.404533333334,
          7603.404533333334,
          7603.404533333334,
          7603.404533333334,
          7603.404533333334,
          7603.404533333334,
          7603.404533333334,
          7603.404533333334,
          7603.404533333334,
          7603.404533333334,
          7603.404533333334,
          7603.404533333334,
          7603.404533333334,
          7603.404533333334,
          7603.404533333334,
          7603.404533333334,
          7603.404533333334,
          7603.404533333334,
          7603.404533333334,
          7603.404533333334,
          7603.404533333334,
          7603.404533333334,
          7603.404533333334,
          7603.404533333334,
          7603.404533333334,
          7603.404533333334,
          7603.404533333334,
          7603.404533333334,
          7603.404533333334,
          7603.404533333334,
          7603.404533333334,
          8214.036,
          8214.036,
          8214.036,
          8214.036,
          8214.036,
          8214.036,
          8214.036,
          8214.036,
          8214.036,
          8214.036,
          8214.036,
          8214.036,
          8214.036,
          8214.036,
          8214.036,
          8214.036,
          8214.036,
          8214.036,
          8214.036,
          8214.036,
          8214.036,
          8214.036,
          8214.036,
          8214.036,
          8214.036,
          8214.036,
          8214.036,
          8214.036,
          8214.036,
          8214.036,
          8257.5844,
          8257.5844,
          8257.5844,
          8257.5844,
          8257.5844,
          8257.5844,
          8257.5844,
          null,
          8257.5844,
          null,
          null,
          null,
          null,
          null,
          null,
          null,
          null,
          null,
          null,
          null,
          null,
          null,
          null,
          null
        ]
      },
      {
        "match_id": 22,
        "user": {
          "name": "nomurad"
        },
        "budget": 100,
        "submitted": 100,
        "evaluated": 100,
        "scored": 100,