{
  "data": {
    "progress": [
      {
        "match_id": 23,
        "user": {
          "name": "harada"
        },
        "budget": 100,
        "submitted": 100,
        "evaluated": 100,
        "scored": 100,
        "scores": [
          771828.4767313333,
          811186.9143286668,
          811186.9143286668,
          813717.0208726667,
          813717.0208726667,
          813717.0208726667,
          841965.6731926666,
          841965.6731926666,
          847803.6785526666,
          847803.6785526666,
          847803.6785526666,
          847803.6785526666,
          847803.6785526666,
          847803.6785526666,
          847803.6785526666,
          847803.6785526666,
          847803.6785526666,
          847803.6785526666,
          847803.6785526666,
          847803.6785526666,
          847803.6785526666,
          847912.2942793332,
          847912.2942793332,
          847912.2942793332,
          869233.9538259999,
          869233.9538259999,
          869233.9538259999,
          869233.9538259999,
          869233.9538259999,
          869233.9538259999,
          869233.9538259999,
          869233.9538259999,
          869233.9538259999,
          869233.9538259999,
          869233.9538259999,
          869233.9538259999,
          869233.9538259999,
          869233.9538259999,
          869389.6272926666,
          878832.1085386667,
          878832.1085386667,
          878832.1085386667,
          886018.9866566667,
          886018.9866566667,
          886018.9866566667,
          886018.9866566667,
          887305.902044,
          887305.902044,
          887305.902044,
          887305.902044,
          887305.902044,
          887305.902044,
          887305.902044,
          887305.902044,
          887305.902044,
          887305.902044,
          887305.902044,
          887305.902044,
          887305.902044,
          887305.902044,
          887305.902044,
          887305.902044,
          887305.902044,
          887305.902044,
          887884.511324,
          887884.511324,
          887884.511324,
          887884.511324,
          887884.511324,
          887884.511324,
          887884.511324,
          887884.511324,
          887884.511324,
          887884.511324,
          887884.511324,
          887884.511324,
          887884.511324,
          887884.511324,
          887884.511324,
          887884.511324,
          887884.511324,
          887884.511324,
          887884.511324,
          887884.511324,
          887884.511324,
          887884.511324,
          887884.511324,
          887884.511324,
          887884.511324,
          887884.511324,
          887884.511324,
          887884.511324,
          887884.511324,
          887884.511324,
          887884.511324,
          887884.511324,
          887884.511324,
          887884.511324,
          887884.511324,
          887884.511324
        ]
      },
      {
        "match_id": 23,
        "user": {
          "name": "nomurad"
        },
        "budget": 100,
        "submitted": 100,
        "evaluated": 100,
        "scored": 100,
        "scores": [
          671041.9237893333,
          671041.9237893333,
          671041.9237893333,
          671041.9237893333,
          671041.9237893333,
          671041.9237893333,
          671041.9237893333,
          671041.9237893333,
          730631.0955093333,
          751466.5372293333,
          751466.5372293333,
          751466.5372293333,
          751466.5372293333,
          762986.9734293333,
          762986.9734293333,
          762986.9734293333,
          762986.9734293333,
          773208.2153033334,
          773208.2153033334,
          773208.2153033334,
          773208.2153033334,
          773208.2153033334,
          773208.2153033334,
          776923.4834633335,
          776923.4834633335,
          776923.4834633335,
          776923.4834633335,
          776923.4834633335,
          776923.4834633335,
          776923.4834633335,
          776923.4834633335,
          794712.0840833334,
          794712.0840833334,
          794712.0840833334,
          794712.0840833334,
          794712.0840833334,
          794712.0840833334,
          794712.0840833334,
          794712.0840833334,
          794712.0840833334,
          794712.0840833334,
          794712.0840833334,
          794712.0840833334,
          794712.0840833334,
          794712.0840833334,
          794712.0840833334,
          794712.0840833334,
          794712.0840833334,
          794712.0840833334,
          794712.0840833334,
          794712.0840833334,
          794712.0840833334,
          797234.0208833332,
          797234.0208833332,
          797234.0208833332,
          797234.0208833332,
          797234.0208833332,
          797234.0208833332,
          797234.0208833332,
          797234.0208833332,
          797234.0208833332,
          838808.3998986667,
          838808.3998986667,
          838808.3998986667,
          838808.3998986667,
          838808.3998986667,
          838808.3998986667,
          838808.3998986667,
          838808.3998986667,
          838808.3998986667,
          838808.3998986667,
          846542.5867986666,
          846542.5867986666,
          846542.5867986666,
          846542.5867986666,
          846542.5867986666,
          846542.5867986666,
          846542.5867986666,
          846542.5867986666,
          856451.3062986668,
          856451.3062986668,
          856451.3062986668,
          856451.3062986668,
          856451.3062986668,
          856451.3062986668,
          856451.3062986668,
          856451.3062986668,
          856451.3062986668,
          856451.3062986668,
          856451.3062986668,
          856451.3062986668,
          856451.3062986668,
          856451.3062986668,
          856451.3062986668,
          856451.3062986668,
          856451.3062986668,
          856451.3062986668,
          856451.3062986668,
          859681.6449426668,
          859681.6449426668
        ]
      },
      {
        "match_id": 23,
        "user": {
          "name": "takatokinoshita"
        },
        "budget": 100,
        "submitted": 50,
        "evaluated": 50,
        "scored": 50,
        "scores": [
          856184.9442159999,
          926111.055856,
          927065.7758560001,
          927065.7758560001,
          948400.3046560001,
          948400.3046560001,
          948400.3046560001,
          948400.3046560001,
          948400.3046560001,
          948400.3046560001,
          948400.3046560001,
          948400.3046560001,
          948400.3046560001,
          948400.3046560001,
          948400.3046560001,
          948400.3046560001,
          948400.3046560001,
          948400.3046560001,
          948400.3046560001,
          948400.3046560001,
          948853.5266560001,
          948853.5266560001,
          948853.5266560001,
          955365.0312013335,
          955365.0312013335,
          955365.0312013335,
          955365.0312013335,
          955365.0312013335,
          955365.0312013335,
          955365.0312013335,
          955365.0312013335,
          955365.0312013335,
          955365.0312013335,
          955365.0312013335,
          955365.0312013335,
          955365.0312013335,
          955865.9064013335,
          955865.9064013335,
          955865.9064013335,
          955865.9064013335,
          955865.9064013335,
          955865.9064013335,
          955865.9064013335,
          955865.9064013335,
          955898.3083753336,
          955898.3083753336,
          955898.3083753336,
          955898.3083753336,
          955898.3083753336,
          955898.3083753336
        ]
      },
      {
        "match_id": 23,
        "user": {
          "name": "tomtkg"
        },
        "budget": 100,
        "submitted": 101,
        "evaluated": 101,
        "scored": 100,