{
  "data": {
    "progress": [
      {
        "match_id": 24,
        "user": {
          "name": "harada"
        },
        "budget": 100,
        "submitted": 100,
        "evaluated": 100,
        "scored": 100,
        "scores": [
          8211723121.421766,
          8220894694.763831,
          8599656006.738142,
          8599656006.738142,
          8772053207.163025,
          8772053207.163025,
          8772053207.163025,
          8772053207.163025,
          8772053207.163025,
          8772053207.163025,
          8772053207.163025,
          8772053207.163025,
          8772053207.163025,
          8772053207.163025,
          8772053207.163025,
          8772053207.163025,
          8772053207.163025,
          8772053207.163025,
          8772053207.163025,
          8772053207.163025,
          8772053207.163025,
          8772053207.163025,
          8772053207.163025,
          8772057354.494043,
          8772057354.494043,
          8773997787.911503,
          8773997787.911503,
          8773997787.911503,
          8773997787.911503,
          8773997787.911503,
          8773997787.911503,
          8775137809.108438,
          8775137809.108438,
          8828933551.66425,
          8828933551.66425,
          8828933551.66425,
          8828933551.66425,
          8828933551.66425,
          8828933551.66425,
          8828933551.66425,
          8830787406.110983,
          8837786607.882282,
          8863602903.711597,
          8925400241.333286,
          8925400241.333286,
          8925400241.333286,
          8925400241.333286,
          8926147560.228218,
          8926147560.228218,
          8926147560.228218,
          8926147560.228218,
          8926147560.228218,
          8927718355.646162,
          8948553764.698273,
          8948553764.698273,
          8948553764.698273,
          8948553764.698273,
          8948553764.698273,
          8948553764.698273,
          8948553764.698273,
          9066190126.902086,
          9066190126.902086,
          9066190126.902086,
          9066190126.902086,
          9066190126.902086,
          9066190126.902086,
          9066190126.902086,
          9088616864.80479,
          9088616864.80479,
          9088616864.80479,
          9088616864.80479,
          9088616864.80479,
          9088616864.80479,
          9088616864.80479,
          9093013222.260057,
          9093013222.260057,
          9459232020.638702,
          9459232020.638702,
          9459467772.500605,
          9459467772.500605,
          9459467772.500605,
          9459467772.500605,
          9459467772.500605,
          9459467772.500605,
          9459467772.500605,
          9475685778.870794,
          9475685778.870794,
          9475775916.355143,
          9475775916.355143,
          9475775916.355143,
          9475775916.355143,
          9475775916.355143,
          9475775916.355143,
          9475775916.355143,
          9475775916.355143,
          9479920112.250761,
          9479920112.250761,
          9479920112.250761,
          9479920112.250761,
          9479920112.250761
        ]
      },
      {
        "match_id": 24,
        "user": {
          "name": "nomurad"
        },
        "budget": 100,
        "submitted": 101,
        "evaluated": 101,
        "scored": 100,
        "scores": [
          2976040302.9094696,
          3209258006.9593687,
          3209258006.9593687,
          4121430816.933642,
          4121430816.933642,
          4121430816.933642,
          4628412860.660114,
          4821408362.003069,
          6755377053.39686,
          6755377053.39686,
          6755377053.39686,
          6755377053.39686,
          7176557418.673754,
          7176557418.673754,
          7176557418.673754,
          7176557418.673754,
          7176557418.673754,
          7189029775.788428,
          7546353703.201064,
          7550965193.473175,
          7550965193.473175,
          7908573538.126925,
          7908573538.126925,
          7982652245.518852,
          7982652245.518852,
          8055972327.102331,
          8055972327.102331,
          8055972327.102331,
          8106251728.494249,
          8251397569.5830345,
          8251397569.5830345,
          8251397569.5830345,
          8251397569.5830345,
          8251397569.5830345,
          8251397569.5830345,
          8251397569.5830345,
          8251397569.5830345,
          8251397569.5830345,
          8251397569.5830345,
          8251397569.5830345,
          8251397569.5830345,
          8437173045.020402,
          8437173045.020402,
          8437173045.020402,
          8437173045.020402,
          8437173045.020402,
          8437173045.020402,
          8437173045.020402,
          8482130431.775763,
          8602913517.823572,
          8602913517.823572,
          8602913517.823572,
          8606914456.225128,
          8606914456.225128,
          8606914456.225128,
          8606914456.225128,
          8683357100.465292,
          8683357100.465292,
          8683357100.465292,
          8683357100.465292,
          8683357100.465292,
          8683357100.465292,
          8683357100.465292,
          8683357100.465292,
          8683357100.465292,
          8683357100.465292,
          8809198093.606356,
          8809198093.606356,
          8809198093.606356,
          8809198093.606356,
          8809198093.606356,
          8834215852.00898,
          8834215852.00898,
          8835027711.389725,
          8835027711.389725,
          8835027711.389725,
          8835027711.389725,
          8893156021.644314,
          8893156021.644314,
          8893156021.644314,
          8899783502.901009,
          8899783502.901009,
          8899783502.901009,
          8899783502.901009,
          8899783502.901009,
          8899783502.901009,
          8899783502.901009,
          8899783502.901009,
          8899783502.901009,
          9192052914.77896,
          9254688744.129179,
          9254688744.129179,
          9256902128.693008,
          9256911244.475046,
          9258244829.672684,
          9258244829.672684,
          9258244829.672684,
          9258244829.672684,
          9258244829.672684,
          9258244829.672684,
          null
        ]
      },
      {
        "match_id": 24,
        "user": {
          "name": "takatokinoshita"
        },
        "budget": 100,
        "submitted": 50,
        "evaluated": 50,
        "scored": 50,