{
  "data": {
    "progress": [
      {
        "match_id": 6,
        "user": {
          "name": "22min"
        },
        "budget": 100,
        "submitted": 101,
        "evaluated": 101,
        "scored": 100,
        "scores": [
          41.266666666666644,
          41.266666666666644,
          41.266666666666644,
          41.266666666666644,
          41.266666666666644,
          26.3,
          16.493333333333336,
          16.493333333333336,
          16.493333333333336,
          16.493333333333336,
          16.493333333333336,
          16.493333333333336,
          16.493333333333336,
          16.493333333333336,
          16.493333333333336,
          16.493333333333336,
          16.493333333333336,
          16.493333333333336,
          16.493333333333336,
          16.493333333333336,
          16.493333333333336,
          16.493333333333336,
          16.493333333333336,
          14.879999999999999,
          14.879999999999999,
          14.879999999999999,
          14.879999999999999,
          14.879999999999999,
          14.879999999999999,
          14.879999999999999,
          14.879999999999999,
          14.879999999999999,
          14.879999999999999,
          14.879999999999999,
          14.879999999999999,
          14.879999999999999,
          14.879999999999999,
          14.879999999999999,
          14.879999999999999,
          14.879999999999999,
          14.879999999999999,
          14.879999999999999,
          14.879999999999999,
          14.879999999999999,
          14.879999999999999,
          14.879999999999999,
          14.879999999999999,
          14.879999999999999,
          14.879999999999999,
          14.879999999999999,
          14.879999999999999,
          14.879999999999999,
          14.879999999999999,
          14.879999999999999,
          14.879999999999999,
          14.879999999999999,
          14.879999999999999,
          14.879999999999999,
          14.879999999999999,
          14.879999999999999,
          13.326666666666666,
          13.326666666666666,
          13.326666666666666,
          13.326666666666666,
          13.326666666666666,
          13.326666666666666,
          13.326666666666666,
          13.326666666666666,
          13.326666666666666,
          13.326666666666666,
          13.326666666666666,
          13.326666666666666,
          13.326666666666666,
          13.326666666666666,
          13.326666666666666,
          13.326666666666666,
          11.963333333333336,
          11.963333333333336,
          11.963333333333336,
          11.963333333333336,
          11.963333333333336,
          11.963333333333336,
          11.963333333333336,
          11.963333333333336,
          11.963333333333336,
          11.963333333333336,
          11.963333333333336,
          11.963333333333336,
          11.963333333333336,
          11.963333333333336,
          11.963333333333336,
          11.963333333333336,
          11.963333333333336,
          11.963333333333336,
          11.963333333333336,
          11.963333333333336,
          11.963333333333336,
          11.963333333333336,
          11.963333333333336,
          11.963333333333336,
          null
        ]
      },
      {
        "match_id": 6,
        "user": {
          "name": "gen_yokoya"
        },
        "budget": 100,
        "submitted": 100,
        "evaluated": 100,
        "scored": 100,
        "scores": [
          40.63666666666666,
          114.77000000000001,
          40.63666666666666,
          40.63666666666666,
          83.50666666666667,
          40.63666666666666,
          31.306666666666665,
          16.366666666666667,
          31.306666666666665,
          16.366666666666667,
          16.366666666666667,
          16.366666666666667,
          16.366666666666667,
          14.83333333333333,
          14.83333333333333,
          14.83333333333333,
          14.83333333333333,
          14.83333333333333,
          14.83333333333333,
          14.83333333333333,
          14.83333333333333,
          14.83333333333333,
          14.83333333333333,
          14.83333333333333,
          14.83333333333333,
          14.83333333333333,
          14.83333333333333,
          14.83333333333333,
          12.196666666666664,
          14.83333333333333,
          14.83333333333333,
          14.83333333333333,
          14.83333333333333,
          14.83333333333333,
          14.83333333333333,
          14.83333333333333,
          14.83333333333333,
          14.83333333333333,
          14.83333333333333,
          14.83333333333333,
          14.83333333333333,
          14.83333333333333,
          14.83333333333333,
          14.83333333333333,
          14.83333333333333,
          14.83333333333333,
          14.83333333333333,
          14.83333333333333,
          14.83333333333333,
          14.83333333333333,
          14.83333333333333,
          14.83333333333333,
          14.83333333333333,
          14.83333333333333,
          14.83333333333333,
          14.83333333333333,
          14.83333333333333,
          14.83333333333333,
          14.83333333333333,
          14.83333333333333,
          14.83333333333333,
          14.83333333333333,
          14.83333333333333,
          14.83333333333333,
          14.83333333333333,
          14.83333333333333,
          14.83333333333333,
          14.83333333333333,
          14.83333333333333,
          14.83333333333333,
          14.83333333333333,
          14.83333333333333,
          14.83333333333333,
          14.83333333333333,
          14.83333333333333,
          14.83333333333333,
          14.83333333333333,
          14.83333333333333,
          14.83333333333333,
          14.83333333333333,
          14.83333333333333,
          14.83333333333333,
          14.83333333333333,
          14.83333333333333,
          14.83333333333333,
          14.83333333333333,
          14.83333333333333,
          14.83333333333333,
          14.83333333333333,
          14.83333333333333,
          14.83333333333333,
          14.83333333333333,
          14.83333333333333,
          14.83333333333333,
          14.83333333333333,
          14.83333333333333,
          14.83333333333333,
          14.83333333333333,
          14.83333333333333,
          14.83333333333333
        ]
      },
      {
        "match_id": 6,
        "user": {
          "name": "harada"
        },
        "budget": 100,
        "submitted": 114,
        "evaluated": 114,
        "scored": 101,