{
  "data": {
    "progress": [
      {
        "match_id": 8,
        "user": {
          "name": "22min"
        },
        "budget": 100,
        "submitted": 60,
        "evaluated": 60,
        "scored": 60,
        "scores": [
          66.67333333333333,
          66.67333333333333,
          66.67333333333333,
          66.67333333333333,
          66.67333333333333,
          66.67333333333333,
          66.67333333333333,
          66.67333333333333,
          66.67333333333333,
          62.25666666666667,
          62.25666666666667,
          62.25666666666667,
          58.41666666666665,
          58.41666666666665,
          58.41666666666665,
          58.41666666666665,
          57.37666666666666,
          57.37666666666666,
          57.37666666666666,
          57.37666666666666,
          57.37666666666666,
          57.37666666666666,
          57.37666666666666,
          54.37333333333332,
          54.37333333333332,
          54.37333333333332,
          54.37333333333332,
          54.37333333333332,
          54.37333333333332,
          54.37333333333332,
          54.37333333333332,
          54.37333333333332,
          54.37333333333332,
          54.37333333333332,
          54.37333333333332,
          54.37333333333332,
          54.37333333333332,
          54.37333333333332,
          54.37333333333332,
          54.37333333333332,
          54.37333333333332,
          54.37333333333332,
          54.37333333333332,
          54.37333333333332,
          54.37333333333332,
          54.37333333333332,
          54.37333333333332,
          54.37333333333332,
          54.37333333333332,
          54.37333333333332,
          54.37333333333332,
          54.37333333333332,
          54.37333333333332,
          54.37333333333332,
          54.37333333333332,
          54.37333333333332,
          54.37333333333332,
          54.37333333333332,
          54.37333333333332,
          54.37333333333332
        ]
      },
      {
        "match_id": 8,
        "user": {
          "name": "gen_yokoya"
        },
        "budget": 100,
        "submitted": 120,
        "evaluated": 120,
        "scored": 101,
        "scores": [
          105.37333333333332,
          94.32666666666668,
          77.37666666666665,
          97.2,
          82.59666666666668,
          58.87333333333333,
          58.87333333333333,
          82.59666666666668,
          58.87333333333333,
          45.03666666666667,
          45.03666666666667,
          45.03666666666667,
          45.03666666666667,
          45.03666666666667,
          45.03666666666667,
          45.03666666666667,
          45.03666666666667,
          45.03666666666667,
          45.03666666666667,
          45.03666666666667,
          45.03666666666667,
          45.03666666666667,
          45.03666666666667,
          45.03666666666667,
          45.03666666666667,
          45.03666666666667,
          45.03666666666667,
          45.03666666666667,
          45.03666666666667,
          45.03666666666667,
          44.85333333333334,
          44.85333333333334,
          44.85333333333334,
          44.85333333333334,
          44.85333333333334,
          44.85333333333334,
          44.85333333333334,
          44.85333333333334,
          44.85333333333334,
          44.85333333333334,
          44.85333333333334,
          41.45,
          41.45,
          41.45,
          41.45,
          41.45,
          41.45,
          41.45,
          41.45,
          41.45,
          41.45,
          31.336666666666666,
          41.45,
          31.336666666666666,
          31.336666666666666,
          41.45,
          31.336666666666666,
          41.45,
          31.336666666666666,
          41.45,
          41.45,
          41.45,
          41.45,
          41.45,
          41.45,
          41.45,
          41.45,
          41.45,
          41.45,
          38.14666666666667,
          38.14666666666667,
          38.14666666666667,
          38.14666666666667,
          38.14666666666667,
          36.92333333333333,
          38.14666666666667,
          38.14666666666667,
          38.14666666666667,
          38.14666666666667,
          38.14666666666667,
          38.14666666666667,
          38.14666666666667,
          38.14666666666667,
          38.14666666666667,
          38.14666666666667,
          38.14666666666667,
          38.14666666666667,
          38.14666666666667,
          38.14666666666667,
          38.14666666666667,
          38.14666666666667,
          38.14666666666667,
          38.14666666666667,
          38.14666666666667,
          38.14666666666667,
          38.14666666666667,
          38.14666666666667,
          38.14666666666667,
          38.14666666666667,
          38.14666666666667,
          null,
          null,
          null,
          null,
          null,
          null,
          null,
          null,
          null,
          38.14666666666667,
          null,
          null,
          null,
          null,
          null,
          null,
          null,
          null,
          null,
          null
        ]
      },
      {
        "match_id": 8,
        "user": {
          "name": "harada"
        },
        "budget": 100,
        "submitted": 100,
        "evaluated": 100,
        "scored": 100,