{
  "data": {
    "progress": [
      {
        "match_id": 9,
        "user": {
          "name": "22min"
        },
        "budget": 100,
        "submitted": 101,
        "evaluated": 101,
        "scored": 100,
        "scores": [
          44.50333333333333,
          44.50333333333333,
          44.50333333333333,
          44.50333333333333,
          44.50333333333333,
          44.50333333333333,
          44.50333333333333,
          38.92666666666666,
          38.92666666666666,
          38.92666666666666,
          38.92666666666666,
          38.92666666666666,
          38.92666666666666,
          38.92666666666666,
          38.92666666666666,
          38.92666666666666,
          38.92666666666666,
          38.92666666666666,
          38.92666666666666,
          38.92666666666666,
          38.92666666666666,
          38.92666666666666,
          38.92666666666666,
          33.93,
          33.93,
          33.93,
          33.93,
          33.93,
          33.93,
          33.93,
          33.93,
          33.93,
          33.93,
          33.93,
          33.93,
          33.93,
          33.93,
          33.93,
          33.93,
          33.93,
          33.93,
          33.93,
          33.93,
          33.93,
          33.93,
          33.93,
          33.93,
          33.93,
          33.93,
          33.93,
          33.93,
          33.93,
          33.93,
          33.93,
          33.93,
          33.93,
          33.93,
          33.93,
          33.93,
          33.93,
          29.00666666666667,
          29.00666666666667,
          29.00666666666667,
          29.00666666666667,
          29.00666666666667,
          29.00666666666667,
          29.00666666666667,
          29.00666666666667,
          29.00666666666667,
          29.00666666666667,
          29.00666666666667,
          29.00666666666667,
          29.00666666666667,
          29.00666666666667,
          29.00666666666667,
          29.00666666666667,
          29.00666666666667,
          29.00666666666667,
          29.00666666666667,
          29.00666666666667,
          29.00666666666667,
          null,
          29.00666666666667,
          29.00666666666667,
          29.00666666666667,
          29.00666666666667,
          29.00666666666667,
          29.00666666666667,
          29.00666666666667,
          29.00666666666667,
          29.00666666666667,
          29.00666666666667,
          29.00666666666667,
          29.00666666666667,
          29.00666666666667,
          29.00666666666667,
          29.00666666666667,
          29.00666666666667,
          29.00666666666667,
          29.00666666666667,
          29.00666666666667
        ]
      },
      {
        "match_id": 9,
        "user": {
          "name": "gen_yokoya"
        },
        "budget": 100,
        "submitted": 100,
        "evaluated": 100,
        "scored": 100,
        "scores": [
          90.18666666666665,
          18.943333333333335,
          18.943333333333335,
          90.18666666666665,
          18.943333333333335,
          49.660000000000004,
          18.943333333333335,
          49.660000000000004,
          18.943333333333335,
          18.943333333333335,
          18.943333333333335,
          16.290000000000003,
          16.290000000000003,
          16.290000000000003,
          16.290000000000003,
          16.290000000000003,
          16.290000000000003,
          16.290000000000003,
          16.290000000000003,
          16.290000000000003,
          16.290000000000003,
          16.290000000000003,
          16.290000000000003,
          16.290000000000003,
          16.290000000000003,
          16.290000000000003,
          16.290000000000003,
          16.290000000000003,
          16.290000000000003,
          16.290000000000003,
          16.290000000000003,
          16.290000000000003,
          16.290000000000003,
          16.290000000000003,
          16.290000000000003,
          12.306666666666667,
          16.290000000000003,
          16.290000000000003,
          16.290000000000003,
          16.290000000000003,
          16.290000000000003,
          16.290000000000003,
          16.290000000000003,
          9.543333333333333,
          16.290000000000003,
          16.290000000000003,
          16.290000000000003,
          16.290000000000003,
          16.290000000000003,
          16.290000000000003,
          16.290000000000003,
          16.290000000000003,
          16.290000000000003,
          16.290000000000003,
          16.290000000000003,
          16.290000000000003,
          16.290000000000003,
          16.290000000000003,
          16.290000000000003,
          16.290000000000003,
          16.290000000000003,
          16.290000000000003,
          16.290000000000003,
          16.290000000000003,
          16.290000000000003,
          16.290000000000003,
          16.290000000000003,
          16.290000000000003,
          16.290000000000003,
          16.290000000000003,
          16.290000000000003,
          16.290000000000003,
          16.290000000000003,
          16.290000000000003,
          16.290000000000003,
          16.290000000000003,
          16.290000000000003,
          16.290000000000003,
          16.290000000000003,
          16.290000000000003,
          16.290000000000003,
          16.290000000000003,
          16.290000000000003,
          16.290000000000003,
          16.290000000000003,
          16.290000000000003,
          16.290000000000003,
          16.290000000000003,
          16.290000000000003,
          16.290000000000003,
          16.290000000000003,
          16.290000000000003,
          16.290000000000003,
          16.290000000000003,
          16.290000000000003,
          16.290000000000003,
          16.290000000000003,
          16.290000000000003,
          16.290000000000003,
          16.290000000000003
        ]
      },
      {
        "match_id": 9,
        "user": {
          "name": "harada"
        },
        "budget": 100,
        "submitted": 100,
        "evaluated": 100,
        "scored": 100,